{
  "hash": "5e1e9120",
  "configHash": "2f1c87a1",
  "lockfileHash": "fac77080",
  "browserHash": "1deb3268",
  "optimized": {
    "@angular/core": {
      "src": "../../../../../../node_modules/@angular/core/fesm2022/core.mjs",
      "file": "@angular_core.js",
      "fileHash": "06b8961c",
      "needsInterop": false
    },
    "@angular/platform-browser": {
      "src": "../../../../../../node_modules/@angular/platform-browser/fesm2022/platform-browser.mjs",
      "file": "@angular_platform-browser.js",
      "fileHash": "72a0df63",
      "needsInterop": false
    },
    "@angular/router": {
      "src": "../../../../../../node_modules/@angular/router/fesm2022/router.mjs",
      "file": "@angular_router.js",
      "fileHash": "d212b263",
      "needsInterop": false
    },
    "@angular/common/http": {
      "src": "../../../../../../node_modules/@angular/common/fesm2022/http.mjs",
      "file": "@angular_common_http.js",
      "fileHash": "fff1d50a",
      "needsInterop": false
    }
  },
  "chunks": {
    "chunk-Z7T3AYBV": {
      "file": "chunk-Z7T3AYBV.js"
    },
    "chunk-SJIJYYYA": {
      "file": "chunk-SJIJYYYA.js"
    },
    "chunk-XEJBNXCQ": {
      "file": "chunk-XEJBNXCQ.js"
    }
  }
}